<?xml version="1.0" encoding="UTF-8"?>
<!DOCTYPE hibernate-configuration PUBLIC
		"-//Hibernate/Hibernate Configuration DTD 3.0//EN"
		"http://www.hibernate.org/dtd/hibernate-configuration-3.0.dtd">
<hibernate-configuration>
	<session-factory>

        <property name="hibernate.connection.datasource">java:comp/env/connectSQLServerJdbc/SystemService</property>
		<property name="hibernate.dialect">org.hibernate.dialect.SQLServerDialect</property>
		<property name="hibernate.current_session_context_class">thread</property>
		
		<property name="hibernate.show_sql">true</property>
		<property name="hibernate.format_sql">true</property>
		
		<property name="hibernate.allow_update_outside_transaction">true</property>
		
		<mapping class="com.eipulse.bean.Login"/>
		<mapping class="com.eipulse.bean.Emergency"/>
		<mapping class="com.eipulse.bean.Employee"/>
		<mapping class="com.eipulse.bean.Contact"/>
		<mapping class="com.eipulse.bean.Dept"/>
		<mapping class="com.eipulse.bean.EmployeeInfo"/>
		<mapping class="com.eipulse.bean.Permission"/>
		<mapping class="com.eipulse.bean.Title"/>
		
	</session-factory>
</hibernate-configuration>
